{"cameraMode":{"drawMode":0,"name":"Shaded","section":"Shading Mode"},"sceneLighting":true,"audioPlay":false,"sceneViewState":{"showFog":true,"showMaterialUpdate":false,"showSkybox":true,"showFlares":true,"showImageEffects":true,"showParticleSystems":true},"in2DMode":false,"pivot":{"x":-17.287561416625978,"y":-18.652128219604493,"z":0.8711214065551758},"rotation":{"x":-0.20793798565864564,"y":0.7119970321655273,"z":-0.23579970002174378,"w":-0.6278795003890991},"size":23.564556121826173,"orthographic":false}